{
    "rmse": 0.6309962477253837,
    "mae": 0.49711470796383556,
    "r2": 0.3047055972933208
}