{
    "rmse": 0.7016410888859248,
    "mae": 0.5454545919197479,
    "r2": 0.30792835610767233
}