{
    "rmse": 0.6516849898288829,
    "mae": 0.5037320984154503,
    "r2": 0.26319686681424137
}